{
  "num_frames_in_batch": 1,
  "batches": {
    "batch_id": 0,
    "frame_num": 2,
    "ntp_timestamp": 1682600499310623000,
    "num_obj_meta": 1,
    "objects": {
      "object_id": 0,
      "pose25d": [458.702637, 905.279602, 0.000042, 0.906185, 541.697205, 899.260864, -0.011719, 0.834677, 381.640564, 901.412842, -0.017459, 0.847187, 449.151794, 681.863220, -0.069821, 0.927120, 532.476929, 1269.444824, 0.088246, 0.918511, 392.705536, 1271.966553, 0.058140, 0.866667, 443.347534, 460.381409, -0.131358, 0.930728, 522.812012, 1535.950562, 0.291286, 0.909599, 412.650024, 1557.755127, 0.193642, 0.967605, 539.379517, 1656.582764, 0.002720, 0.943842, 444.563110, 1678.872681, -0.097443, 0.882410, 575.844360, 1643.726562, 0.051814, 0.878591, 402.208649, 1685.321411, -0.086494, 0.928198, 517.242554, 1566.082153, 0.379089, 0.948270, 417.824341, 1593.148560, 0.287261, 0.950221, 442.836060, 325.064056, -0.303493, 0.973176, 469.719177, 299.042633, -0.252706, 0.939022, 407.445923, 300.173187, -0.260470, 0.971304, 486.097168, 330.954956, -0.134255, 0.979926, 377.892883, 333.852112, -0.143391, 0.997251, 559.300415, 504.395264, -0.067394, 0.886061, 309.978516, 507.954163, -0.116800, 0.873599, 614.809875, 764.195251, -0.029481, 0.874653, 271.690491, 772.700867, -0.082435, 0.913140, 629.003723, 951.117676, -0.150875, 0.844973, 285.103790, 973.850342, -0.276390, 0.911992, 632.983765, 1015.252930, -0.170708, 0.815563, 283.213562, 1046.808105, -0.292714, 0.936822, 605.559448, 1061.093750, -0.197815, 0.789596, 332.059845, 1087.122437, -0.336118, 0.902907, 617.100586, 1013.529663, -0.200903, 0.798797, 314.117004, 1032.462891, -0.360743, 0.914510, 592.932678, 1038.153320, -0.197212, 0.738018, 344.231201, 1047.251465, -0.366070, 0.891288],
      "pose3d": [-95.550064, -64.313683, 3525.945557, 0.906185, 1.991544, -71.274475, 3520.355225, 0.834677, -185.682632, -68.695694, 3517.616699, 0.847187, -105.766693, -323.810364, 3492.638184, 0.927120, -8.947586, 368.037476, 3568.042725, 0.918511, -174.479202, 369.543182, 3553.680664, 0.866667, -111.578308, -576.773376, 3463.282227, 0.930728, -20.997437, 703.600586, 3664.901123, 0.909599, -153.597702, 720.956604, 3618.320557, 0.967605, -0.729586, 819.005554, 3527.243164, 0.943842, -110.689697, 833.763123, 3479.461182, 0.882410, 42.423706, 809.227539, 3550.663086, 0.878591, -160.053162, 842.505371, 3484.684570, 0.928198, -28.119030, 748.872375, 3706.786621, 0.948270, -149.175751, 773.070312, 3662.980957, 0.950221, -109.509186, -715.608093, 3381.166992, 0.973176, -79.778008, -750.273560, 3405.394531, 0.939022, -150.302689, -748.175659, 3401.690918, 0.971304, -62.202141, -725.897156, 3461.900635, 0.979926, -186.830750, -721.644287, 3457.542236, 0.997251, 22.477186, -530.596619, 3493.795654, 0.886061, -266.075623, -522.900513, 3470.227051, 0.873599, 87.574448, -229.214371, 3511.881836, 0.874653, -311.831207, -217.680313, 3486.620850, 0.913140, 102.472084, -10.226420, 3453.971680, 0.844973, -288.380798, 15.669854, 3394.096436, 0.911992, 106.761169, 63.439816, 3444.510986, 0.815563, -289.852783, 97.986336, 3386.309082, 0.936822, 74.990768, 115.637138, 3431.579590, 0.789596, -233.281403, 142.614532, 3365.603516, 0.902907, 88.154366, 61.204132, 3430.106689, 0.798797, -252.526398, 81.010078, 3353.856445, 0.914510, 60.552597, 89.403938, 3431.867432, 0.738018, -218.694336, 97.469032, 3351.314941, 0.891288]
    }
  }
}
