{
  "num_frames_in_batch": 1,
  "batches": {
    "batch_id": 0,
    "frame_num": 125,
    "ntp_timestamp": 1683376064852926000,
    "num_obj_meta": 2,
    "objects": {
      "object_id": 1,
      "pose25d": [397.511536, 885.152283, 0.000633, 0.791978, 422.486572, 874.581909, 0.122780, 0.750801, 379.291779, 889.602844, -0.132453, 0.758376, 391.219696, 630.927063, -0.015678, 0.876064, 453.267578, 1339.120605, 0.183321, 0.781991, 384.535095, 1357.511841, -0.149667, 0.793018, 378.484985, 387.339447, -0.013114, 0.882628, 447.459961, 1635.631470, 0.293046, 0.883138, 380.823914, 1720.658691, -0.119356, 0.913533, 552.840271, 1681.860107, 0.230466, 0.880488, 529.161926, 1746.947754, -0.046682, 0.717242, 546.787720, 1668.095703, 0.312107, 0.850062, 513.258789, 1775.983154, -0.101913, 0.743261, 430.731567, 1689.530396, 0.312843, 0.866395, 353.006348, 1782.140259, -0.101238, 0.918266, 481.783203, 290.704895, -0.074096, 1.014995, 456.925720, 257.861908, -0.001135, 0.951787, 451.969177, 249.712646, -0.109280, 0.989222, 394.858734, 269.091064, 0.073816, 0.954116, 383.816467, 258.223358, -0.125310, 0.975943, 391.155304, 444.561462, 0.236719, 0.760538, 297.235474, 423.242249, -0.228352, 0.870074, 417.713379, 680.874084, 0.404708, 0.497447, 208.447968, 670.772583, -0.426989, 0.870081, 493.166260, 743.251770, 0.246714, 0.392679, 411.255493, 598.459045, -0.453746, 0.891751, 576.645081, 709.663940, 0.238646, 0.305615, 463.501709, 605.450195, -0.481613, 0.853351, 600.578918, 695.973572, 0.160033, 0.240732, 493.541321, 578.139526, -0.412707, 0.794291, 573.647461, 697.752930, 0.184770, 0.322793, 459.451111, 552.098022, -0.468830, 0.842672, 598.173096, 683.524292, 0.163863, 0.262874, 468.278076, 536.221313, -0.449850, 0.854643],
      "pose3d": [-147.192444, -77.318642, 1585.643921, 0.791978, -125.656174, -91.336830, 1641.330933, 0.750801, -159.724045, -69.966072, 1525.569702, 0.758376, -153.002792, -338.412201, 1578.533203, 0.876064, -94.293793, 412.172546, 1668.789429, 0.781991, -153.722107, 393.055603, 1517.762451, 0.793018, -166.221298, -589.346802, 1579.696167, 0.882628, -103.608025, 756.438416, 1718.555176, 0.883138, -158.817291, 758.944031, 1531.509766, 0.913533, 14.138552, 794.848145, 1690.172241, 0.880488, -11.046365, 802.072510, 1564.471069, 0.717242, 7.637747, 796.773499, 1727.200317, 0.850062, -26.818769, 818.349365, 1539.421021, 0.743261, -122.976311, 821.051147, 1727.534302, 0.866395, -187.573242, 824.688477, 1539.727417, 0.918266, -58.864124, -676.737061, 1552.037354, 1.014995, -85.788948, -725.082336, 1585.129150, 0.951787, -88.094475, -710.801025, 1536.079956, 0.989222, -153.098495, -728.787354, 1619.123169, 0.954116, -155.556732, -698.960266, 1528.809692, 0.975943, -164.169510, -568.507324, 1693.008057, 0.760538, -234.398834, -518.260986, 1482.074585, 0.870074, -140.947037, -321.719330, 1769.199585, 0.497447, -300.666870, -262.284882, 1391.982300, 0.870081, -51.793968, -239.704422, 1697.541260, 0.392679, -115.733658, -325.003876, 1379.846802, 0.891751, 40.438858, -276.252808, 1693.882080, 0.305615, -68.137520, -315.799805, 1367.207764, 0.853351, 65.443382, -285.227600, 1658.227173, 0.240732, -42.326988, -347.900421, 1398.460205, 0.794291, 36.595261, -285.222198, 1669.446655, 0.322793, -72.049644, -364.861572, 1373.005371, 0.842672, 62.910175, -298.989441, 1659.964233, 0.262874, -64.556320, -381.439667, 1381.613770, 0.854643]
    }
  }
}
