{
  "num_frames_in_batch": 1,
  "batches": {
    "batch_id": 0,
    "frame_num": 2,
    "ntp_timestamp": 1682340553577241000,
    "num_obj_meta": 2,
    "objects": {
      "object_id": 1,
      "pose25d": [570.582520, 956.296265, -0.000090, 0.877955, 673.008911, 952.140137, -0.013227, 0.823756, 474.880554, 944.038330, -0.016307, 0.794774, 584.841187, 694.079590, -0.139424, 0.846706, 638.178162, 1347.143066, 0.170804, 0.884183, 473.815308, 1347.485718, 0.156429, 0.885405, 595.742004, 431.175354, -0.265956, 0.928990, 613.042725, 1579.107300, 0.466090, 0.900859, 465.948792, 1587.805054, 0.447370, 0.938969, 675.168823, 1707.006470, 0.280046, 0.882284, 433.535278, 1724.270630, 0.224905, 0.957026, 707.640076, 1689.725464, 0.316918, 0.906983, 396.208313, 1709.535400, 0.281188, 0.912830, 596.055298, 1611.653442, 0.548602, 0.913075, 476.241638, 1615.448975, 0.540195, 0.918125, 612.099182, 293.757904, -0.447899, 0.987463, 643.862549, 268.277344, -0.393169, 0.978936, 569.709351, 261.819794, -0.407188, 0.996227, 658.567688, 304.349091, -0.276056, 0.910939, 530.715759, 297.012207, -0.302720, 0.966904, 744.583862, 486.381653, -0.180725, 0.896318, 445.279602, 465.355164, -0.218104, 0.869052, 849.139404, 730.293701, -0.154013, 0.893971, 298.329773, 733.194336, -0.277315, 0.930789, 713.114197, 706.067017, -0.408422, 0.920053, 472.261902, 690.148315, -0.463002, 0.875347, 664.868652, 721.239929, -0.483389, 0.888825, 526.200562, 708.034607, -0.525844, 0.888746, 624.214233, 690.240173, -0.490061, 0.936319, 578.340881, 693.920776, -0.495228, 0.933005, 669.763611, 667.580139, -0.457920, 0.820701, 539.354553, 654.598450, -0.495207, 0.949777, 650.704956, 640.613098, -0.458568, 0.833954, 569.467346, 642.742615, -0.472228, 0.849400],
      "pose3d": [32.048328, -3.881202, 3143.790771, 0.877955, 139.116013, -8.220744, 3137.746094, 0.823756, -68.078903, -16.687040, 3136.338379, 0.794774, 46.038033, -273.018158, 3080.073486, 0.846706, 105.438385, 415.772156, 3221.848877, 0.884183, -70.934128, 415.291626, 3215.279541, 0.885405, 56.155354, -532.746277, 3022.247559, 0.928990, 81.729790, 692.738953, 3356.796143, 0.900859, -82.647118, 700.680786, 3348.240967, 0.938969, 147.413895, 814.678589, 3271.773438, 0.882284, -115.215210, 827.086914, 3246.573730, 0.957026, 183.768326, 799.930908, 3288.623779, 0.906983, -156.842957, 817.567017, 3272.294922, 0.912830, 63.426613, 737.346802, 3394.504395, 0.913075, -72.061058, 740.802002, 3390.662598, 0.918125, 70.635513, -652.716980, 2939.098389, 0.987463, 102.619995, -683.447510, 2964.110840, 0.978936, 29.290447, -688.336792, 2957.703857, 0.996227, 119.264526, -659.504272, 3017.631836, 0.910939, -9.301143, -664.191345, 3005.446045, 0.966904, 208.757217, -483.279846, 3061.198242, 0.896318, -96.113319, -501.918732, 3044.116211, 0.869052, 316.703552, -235.326904, 3073.406006, 0.893971, -243.044235, -228.095154, 3017.056396, 0.930789, 170.640915, -250.305069, 2957.139893, 0.920053, -66.207153, -263.752686, 2932.196289, 0.875347, 121.658661, -232.622299, 2922.879639, 0.888825, -13.355487, -243.858597, 2903.477295, 0.888746, 81.963730, -262.550964, 2919.830322, 0.936319, 37.286068, -258.759277, 2917.468994, 0.933005, 126.931213, -286.037170, 2934.518799, 0.820701, -0.627718, -297.000793, 2917.478516, 0.949777, 108.277634, -312.384125, 2934.222900, 0.833954, 28.759918, -309.641083, 2927.980225, 0.849400]
    }
  }
}
