{
  "num_frames_in_batch": 1,
  "batches": {
    "batch_id": 0,
    "frame_num": 2,
    "ntp_timestamp": 1682592158340602000,
    "num_obj_meta": 1,
    "objects": {
      "object_id": 0,
      "pose25d": [464.090088, 900.119690, 0.000051, 0.904768, 545.658875, 892.946655, -0.008962, 0.844832, 386.338867, 898.150757, -0.016940, 0.833336, 455.189758, 679.932251, -0.081197, 0.934767, 539.307678, 1265.003540, 0.061373, 0.918779, 404.808228, 1270.232910, 0.032515, 0.931717, 448.999878, 457.553162, -0.165857, 0.945417, 533.786865, 1536.365234, 0.247283, 0.927305, 424.474121, 1551.742798, 0.174912, 0.960701, 551.626465, 1653.599365, -0.047177, 0.923354, 453.769897, 1666.158813, -0.114696, 0.947727, 588.343506, 1640.931152, -0.003229, 0.889498, 411.334045, 1673.021851, -0.101078, 0.916210, 529.947205, 1567.272827, 0.342156, 0.888062, 428.695618, 1587.959717, 0.268563, 0.982439, 448.450195, 321.856964, -0.342152, 0.947737, 475.908264, 292.710724, -0.295933, 0.958850, 409.763672, 295.134277, -0.299917, 0.973467, 493.804565, 326.585480, -0.174002, 0.962704, 380.807831, 329.971130, -0.179538, 0.991225, 569.645203, 500.500366, -0.094655, 0.891540, 317.900024, 507.787781, -0.147675, 0.885616, 617.220642, 753.839905, -0.060733, 0.899100, 277.373993, 767.577454, -0.125127, 0.892723, 635.646851, 941.631714, -0.232627, 0.929190, 294.544739, 967.118530, -0.346613, 0.957892, 644.593445, 1013.401733, -0.263796, 0.906567, 290.470215, 1040.328857, -0.373422, 0.943864, 608.702332, 1065.173584, -0.300177, 0.852952, 337.549896, 1085.101074, -0.407170, 0.895324, 623.096497, 1005.562744, -0.295341, 0.897536, 321.914703, 1027.555664, -0.428110, 0.916964, 592.233948, 1032.328491, -0.291903, 0.895645, 351.963593, 1047.504395, -0.428446, 0.909213],
      "pose3d": [-89.920250, -70.932106, 3553.693848, 0.904768, 6.695230, -79.333923, 3549.439209, 0.844832, -181.609634, -73.098610, 3545.651367, 0.833336, -99.373451, -328.159454, 3515.144043, 0.934767, -0.826879, 364.258820, 3582.831787, 0.918779, -160.839050, 369.087250, 3569.130859, 0.931717, -105.407005, -581.992554, 3474.950195, 0.945417, -7.603034, 705.297424, 3671.096436, 0.927305, -140.045776, 717.337646, 3636.736572, 0.960701, 13.685464, 816.434875, 3531.295898, 0.923354, -100.579956, 823.672974, 3499.239990, 0.947727, 57.241253, 806.258972, 3552.160889, 0.889498, -150.354996, 833.214844, 3505.705322, 0.916210, -12.452571, 752.236755, 3716.138916, 0.888062, -136.577881, 770.548218, 3681.199463, 0.982439, -103.489464, -721.367615, 3391.250244, 0.947737, -72.919182, -759.195862, 3413.193848, 0.958850, -148.091888, -756.019348, 3411.302734, 0.973467, -53.449429, -732.878052, 3471.083008, 0.962704, -184.050293, -728.408875, 3468.454590, 0.991225, 34.672531, -537.423767, 3508.754639, 0.891540, -257.901215, -525.106201, 3483.582275, 0.885616, 90.730621, -242.228409, 3524.859863, 0.899100, -305.896942, -224.126587, 3494.287598, 0.892723, 109.778618, -21.082218, 3443.249512, 0.929190, -277.293518, 8.041942, 3389.133057, 0.957892, 119.531143, 61.028389, 3428.451416, 0.906567, -280.837891, 90.407570, 3376.404785, 0.943864, 78.118645, 119.588692, 3411.179199, 0.852952, -226.769913, 140.129150, 3360.381836, 0.895324, 94.549263, 51.842464, 3413.475098, 0.897536, -243.560608, 75.447044, 3350.440430, 0.916964, 59.461483, 82.336578, 3415.107666, 0.895645, -209.991638, 97.721428, 3350.281006, 0.909213]
    }
  }
}
